# SlipX generated track: a circuit. One 26 m straight, a sweeper,
# a bus-stop chicane, a hairpin and a return elbow; 100.891 m a lap.
# NOT a real venue. Generated by examples/tracks/make_tracks.py.
# Apache-2.0, like the rest of this repository.
#
# Four columns, the form used by the TUM racetrack database and the
# F1TENTH set derived from it. Arc length is derived by the loader,
# not read, so there is no column for it. The width varies along
# the lap: wide into the braking zones, pinched at the chicane.
# x_m,y_m,w_tr_right_m,w_tr_left_m
0.000000,0.000000,1.000000,1.000000
0.049995,0.000000,1.000000,1.000000
0.099991,0.000000,1.000000,1.000000
0.149986,0.000000,1.000000,1.000000
0.199982,0.000000,1.000000,1.000000
0.249977,0.000000,1.000000,1.000000
0.299972,0.000000,1.000000,1.000000
0.349968,0.000000,1.000000,1.000000
0.399963,0.000000,1.000000,1.000000
0.449959,0.000000,1.000000,1.000000
0.499954,0.000000,1.000000,1.000000
0.549949,0.000000,1.000000,1.000000
0.599945,0.000000,1.000000,1.000000
0.649940,0.000000,1.000000,1.000000
0.699936,0.000000,1.000000,1.000000
0.749931,0.000000,1.000000,1.000000
0.799926,0.000000,1.000000,1.000000
0.849922,0.000000,1.000000,1.000000
0.899917,0.000000,1.000000,1.000000
0.949912,0.000000,1.000000,1.000000
0.999908,0.000000,1.000000,1.000000
1.049903,0.000000,1.000000,1.000000
1.099899,0.000000,1.000000,1.000000
1.149894,0.000000,1.000000,1.000000
1.199889,0.000000,1.000000,1.000000
1.249885,0.000000,1.000000,1.000000
1.299880,0.000000,1.000000,1.000000
1.349876,0.000000,1.000000,1.000000
1.399871,0.000000,1.000000,1.000000
1.449866,0.000000,1.000000,1.000000
1.499862,0.000000,1.000000,1.000000
1.549857,0.000000,1.000000,1.000000
1.599853,0.000000,1.000000,1.000000
1.649848,0.000000,1.000000,1.000000
1.699843,0.000000,1.000000,1.000000
1.749839,0.000000,1.000000,1.000000
1.799834,0.000000,1.000000,1.000000
1.849830,0.000000,1.000000,1.000000
1.899825,0.000000,1.000000,1.000000
1.949820,0.000000,1.000000,1.000000
1.999816,0.000000,1.000000,1.000000
2.049811,0.000000,1.000000,1.000000
2.099807,0.000000,1.000000,1.000000
2.149802,0.000000,1.000000,1.000000
2.199797,0.000000,1.000000,1.000000
2.249793,0.000000,1.000000,1.000000
2.299788,0.000000,1.000000,1.000000
2.349784,0.000000,1.000000,1.000000
2.399779,0.000000,1.000000,1.000000
2.449774,0.000000,1.000000,1.000000
2.499770,0.000000,1.000000,1.000000
2.549765,0.000000,1.000000,1.000000
2.599761,0.000000,1.000000,1.000000
2.649756,0.000000,1.000000,1.000000
2.699751,0.000000,1.000000,1.000000
2.749747,0.000000,1.000000,1.000000
2.799742,0.000000,1.000000,1.000000
2.849737,0.000000,1.000000,1.000000
2.899733,0.000000,1.000000,1.000000
2.949728,0.000000,1.000000,1.000000
2.999724,0.000000,1.000000,1.000000
3.049719,0.000000,1.000000,1.000000
3.099714,0.000000,1.000000,1.000000
3.149710,0.000000,1.000000,1.000000
3.199705,0.000000,1.000000,1.000000
3.249701,0.000000,1.000000,1.000000
3.299696,0.000000,1.000000,1.000000
3.349691,0.000000,1.000000,1.000000
3.399687,0.000000,1.000000,1.000000
3.449682,0.000000,1.000000,1.000000
3.499678,0.000000,1.000000,1.000000
3.549673,0.000000,1.000000,1.000000
3.599668,0.000000,1.000000,1.000000
3.649664,0.000000,1.000000,1.000000
3.699659,0.000000,1.000000,1.000000
3.749655,0.000000,1.000000,1.000000
3.799650,0.000000,1.000000,1.000000
3.849645,0.000000,1.000000,1.000000
3.899641,0.000000,1.000000,1.000000
3.949636,0.000000,1.000000,1.000000
3.999632,0.000000,1.000000,1.000000
4.049627,0.000000,1.000000,1.000000
4.099622,0.000000,1.000000,1.000000
4.149618,0.000000,1.000000,1.000000
4.199613,0.000000,1.000000,1.000000
4.249609,0.000000,1.000000,1.000000
4.299604,0.000000,1.000000,1.000000
4.349599,0.000000,1.000000,1.000000
4.399595,0.000000,1.000000,1.000000
4.449590,0.000000,1.000000,1.000000
4.499586,0.000000,1.000000,1.000000
4.549581,0.000000,1.000000,1.000000
4.599576,0.000000,1.000000,1.000000
4.649572,0.000000,1.000000,1.000000
4.699567,0.000000,1.000000,1.000000
4.749562,0.000000,1.000000,1.000000
4.799558,0.000000,1.000000,1.000000
4.849553,0.000000,1.000000,1.000000
4.899549,0.000000,1.000000,1.000000
4.949544,0.000000,1.000000,1.000000
4.999539,0.000000,1.000000,1.000000
5.049535,0.000000,1.000000,1.000000
5.099530,0.000000,1.000000,1.000000
5.149526,0.000000,1.000000,1.000000
5.199521,0.000000,1.000000,1.000000
5.249516,0.000000,1.000000,1.000000
5.299512,0.000000,1.000000,1.000000
5.349507,0.000000,1.000000,1.000000
5.399503,0.000000,1.000000,1.000000
5.449498,0.000000,1.000000,1.000000
5.499493,0.000000,1.000000,1.000000
5.549489,0.000000,1.000000,1.000000
5.599484,0.000000,1.000000,1.000000
5.649480,0.000000,1.000000,1.000000
5.699475,0.000000,1.000000,1.000000
5.749470,0.000000,1.000000,1.000000
5.799466,0.000000,1.000000,1.000000
5.849461,0.000000,1.000000,1.000000
5.899457,0.000000,1.000000,1.000000
5.949452,0.000000,1.000000,1.000000
5.999447,0.000000,1.000000,1.000000
6.049443,0.000000,1.000000,1.000000
6.099438,0.000000,1.000000,1.000000
6.149434,0.000000,1.000000,1.000000
6.199429,0.000000,1.000000,1.000000
6.249424,0.000000,1.000000,1.000000
6.299420,0.000000,1.000000,1.000000
6.349415,0.000000,1.000000,1.000000
6.399410,0.000000,1.000000,1.000000
6.449406,0.000000,1.000000,1.000000
6.499401,0.000000,1.000000,1.000000
6.549397,0.000000,1.000000,1.000000
6.599392,0.000000,1.000000,1.000000
6.649387,0.000000,1.000000,1.000000
6.699383,0.000000,1.000000,1.000000
6.749378,0.000000,1.000000,1.000000
6.799374,0.000000,1.000000,1.000000
6.849369,0.000000,1.000000,1.000000
6.899364,0.000000,1.000000,1.000000
6.949360,0.000000,1.000000,1.000000
6.999355,0.000000,1.000000,1.000000
7.049351,0.000000,1.000000,1.000000
7.099346,0.000000,1.000000,1.000000
7.149341,0.000000,1.000000,1.000000
7.199337,0.000000,1.000000,1.000000
7.249332,0.000000,1.000000,1.000000
7.299328,0.000000,1.000000,1.000000
7.349323,0.000000,1.000000,1.000000
7.399318,0.000000,1.000000,1.000000
7.449314,0.000000,1.000000,1.000000
7.499309,0.000000,1.000000,1.000000
7.549305,0.000000,1.000000,1.000000
7.599300,0.000000,1.000000,1.000000
7.649295,0.000000,1.000000,1.000000
7.699291,0.000000,1.000000,1.000000
7.749286,0.000000,1.000000,1.000000
7.799282,0.000000,1.000000,1.000000
7.849277,0.000000,1.000000,1.000000
7.899272,0.000000,1.000000,1.000000
7.949268,0.000000,1.000000,1.000000
7.999263,0.000000,1.000000,1.000000
8.049259,0.000000,1.000000,1.000000
8.099254,0.000000,1.000000,1.000000
8.149249,0.000000,1.000000,1.000000
8.199245,0.000000,1.000000,1.000000
8.249240,0.000000,1.000000,1.000000
8.299235,0.000000,1.000000,1.000000
8.349231,0.000000,1.000000,1.000000
8.399226,0.000000,1.000000,1.000000
8.449222,0.000000,1.000000,1.000000
8.499217,0.000000,1.000000,1.000000
8.549212,0.000000,1.000000,1.000000
8.599208,0.000000,1.000000,1.000000
8.649203,0.000000,1.000000,1.000000
8.699199,0.000000,1.000000,1.000000
8.749194,0.000000,1.000000,1.000000
8.799189,0.000000,1.000000,1.000000
8.849185,0.000000,1.000000,1.000000
8.899180,0.000000,1.000000,1.000000
8.949176,0.000000,1.000000,1.000000
8.999171,0.000000,1.000000,1.000000
9.049166,0.000000,1.000000,1.000000
9.099162,0.000000,1.000000,1.000000
9.149157,0.000000,1.000000,1.000000
9.199153,0.000000,1.000000,1.000000
9.249148,0.000000,1.000000,1.000000
9.299143,0.000000,1.000000,1.000000
9.349139,0.000000,1.000000,1.000000
9.399134,0.000000,1.000000,1.000000
9.449130,0.000000,1.000000,1.000000
9.499125,0.000000,1.000000,1.000000
9.549120,0.000000,1.000000,1.000000
9.599116,0.000000,1.000000,1.000000
9.649111,0.000000,1.000000,1.000000
9.699107,0.000000,1.000000,1.000000
9.749102,0.000000,1.000000,1.000000
9.799097,0.000000,1.000000,1.000000
9.849093,0.000000,1.000000,1.000000
9.899088,0.000000,1.000000,1.000000
9.949083,0.000000,1.000000,1.000000
9.999079,0.000000,1.000000,1.000000
10.049074,0.000000,1.000000,1.000000
10.099070,0.000000,1.000000,1.000000
10.149065,0.000000,1.000000,1.000000
10.199060,0.000000,1.000000,1.000000
10.249056,0.000000,1.000000,1.000000
10.299051,0.000000,1.000000,1.000000
10.349047,0.000000,1.000000,1.000000
10.399042,0.000000,1.000000,1.000000
10.449037,0.000000,1.000000,1.000000
10.499033,0.000000,1.000000,1.000000
10.549028,0.000000,1.000000,1.000000
10.599024,0.000000,1.000000,1.000000
10.649019,0.000000,1.000000,1.000000
10.699014,0.000000,1.000000,1.000000
10.749010,0.000000,1.000000,1.000000
10.799005,0.000000,1.000000,1.000000
10.849001,0.000000,1.000000,1.000000
10.898996,0.000000,1.000000,1.000000
10.948991,0.000000,1.000000,1.000000
10.998987,0.000000,1.000000,1.000000
11.048982,0.000000,1.000000,1.000000
11.098978,0.000000,1.000000,1.000000
11.148973,0.000000,1.000000,1.000000
11.198968,0.000000,1.000000,1.000000
11.248964,0.000000,1.000000,1.000000
11.298959,0.000000,1.000000,1.000000
11.348955,0.000000,1.000000,1.000000
11.398950,0.000000,1.000000,1.000000
11.448945,0.000000,1.000000,1.000000
11.498941,0.000000,1.000000,1.000000
11.548936,0.000000,1.000000,1.000000
11.598932,0.000000,1.000000,1.000000
11.648927,0.000000,1.000000,1.000000
11.698922,0.000000,1.000000,1.000000
11.748918,0.000000,1.000000,1.000000
11.798913,0.000000,1.000000,1.000000
11.848908,0.000000,1.000000,1.000000
11.898904,0.000000,1.000000,1.000000
11.948899,0.000000,1.000000,1.000000
11.998895,0.000000,1.000000,1.000000
12.048890,0.000000,1.000000,1.000000
12.098885,0.000000,1.000000,1.000000
12.148881,0.000000,1.000000,1.000000
12.198876,0.000000,1.000000,1.000000
12.248872,0.000000,1.000000,1.000000
12.298867,0.000000,1.000000,1.000000
12.348862,0.000000,1.000000,1.000000
12.398858,0.000000,1.000000,1.000000
12.448853,0.000000,1.000000,1.000000
12.498849,0.000000,1.000000,1.000000
12.548844,0.000000,1.000000,1.000000
12.598839,0.000000,1.000000,1.000000
12.648835,0.000000,1.000000,1.000000
12.698830,0.000000,1.000000,1.000000
12.748826,0.000000,1.000000,1.000000
12.798821,0.000000,1.000000,1.000000
12.848816,0.000000,1.000000,1.000000
12.898812,0.000000,1.000000,1.000000
12.948807,0.000000,1.000000,1.000000
12.998803,0.000000,1.000000,1.000000
13.048798,0.000000,1.000000,1.000000
13.098793,0.000000,1.000000,1.000000
13.148789,0.000000,1.000000,1.000000
13.198784,0.000000,1.000000,1.000000
13.248780,0.000000,1.000000,1.000000
13.298775,0.000000,1.000000,1.000000
13.348770,0.000000,1.000000,1.000000
13.398766,0.000000,1.000000,1.000000
13.448761,0.000000,1.000000,1.000000
13.498757,0.000000,1.000000,1.000000
13.548752,0.000000,1.000000,1.000000
13.598747,0.000000,1.000000,1.000000
13.648743,0.000000,1.000000,1.000000
13.698738,0.000000,1.000000,1.000000
13.748733,0.000000,1.000000,1.000000
13.798729,0.000000,1.000000,1.000000
13.848724,0.000000,1.000000,1.000000
13.898720,0.000000,1.000000,1.000000
13.948715,0.000000,1.000000,1.000000
13.998710,0.000000,1.000000,1.000000
14.048706,0.000000,1.000000,1.000000
14.098701,0.000000,1.000000,1.000000
14.148697,0.000000,1.000000,1.000000
14.198692,0.000000,1.000000,1.000000
14.248687,0.000000,1.000000,1.000000
14.298683,0.000000,1.000000,1.000000
14.348678,0.000000,1.000000,1.000000
14.398674,0.000000,1.000000,1.000000
14.448669,0.000000,1.000000,1.000000
14.498664,0.000000,1.000000,1.000000
14.548660,0.000000,1.000000,1.000000
14.598655,0.000000,1.000000,1.000000
14.648651,0.000000,1.000000,1.000000
14.698646,0.000000,1.000000,1.000000
14.748641,0.000000,1.000000,1.000000
14.798637,0.000000,1.000000,1.000000
14.848632,0.000000,1.000000,1.000000
14.898628,0.000000,1.000000,1.000000
14.948623,0.000000,1.000000,1.000000
14.998618,0.000000,1.000000,1.000000
15.048614,0.000000,1.000000,1.000000
15.098609,0.000000,1.000000,1.000000
15.148605,0.000000,1.000000,1.000000
15.198600,0.000000,1.000000,1.000000
15.248595,0.000000,1.000000,1.000000
15.298591,0.000000,1.000000,1.000000
15.348586,0.000000,1.000000,1.000000
15.398581,0.000000,1.000000,1.000000
15.448577,0.000000,1.000000,1.000000
15.498572,0.000000,1.000000,1.000000
15.548568,0.000000,1.000000,1.000000
15.598563,0.000000,1.000000,1.000000
15.648558,0.000000,1.000000,1.000000
15.698554,0.000000,1.000000,1.000000
15.748549,0.000000,1.000000,1.000000
15.798545,0.000000,1.000000,1.000000
15.848540,0.000000,1.000000,1.000000
15.898535,0.000000,1.000000,1.000000
15.948531,0.000000,1.000000,1.000000
15.998526,0.000000,1.000000,1.000000
16.048522,0.000000,1.000000,1.000000
16.098517,0.000000,1.000000,1.000000
16.148512,0.000000,1.000000,1.000000
16.198508,0.000000,1.000000,1.000000
16.248503,0.000000,1.000000,1.000000
16.298499,0.000000,1.000000,1.000000
16.348494,0.000000,1.000000,1.000000
16.398489,0.000000,1.000000,1.000000
16.448485,0.000000,1.000000,1.000000
16.498480,0.000000,1.000000,1.000000
16.548476,0.000000,1.000000,1.000000
16.598471,0.000000,1.000000,1.000000
16.648466,0.000000,1.000000,1.000000
16.698462,0.000000,1.000000,1.000000
16.748457,0.000000,1.000000,1.000000
16.798453,0.000000,1.000000,1.000000
16.848448,0.000000,1.000000,1.000000
16.898443,0.000000,1.000000,1.000000
16.948439,0.000000,1.000000,1.000000
16.998434,0.000000,1.000000,1.000000
17.048430,0.000000,1.000000,1.000000
17.098425,0.000000,1.000000,1.000000
17.148420,0.000000,1.000000,1.000000
17.198416,0.000000,1.000000,1.000000
17.248411,0.000000,1.000000,1.000000
17.298406,0.000000,1.000000,1.000000
17.348402,0.000000,1.000000,1.000000
17.398397,0.000000,1.000000,1.000000
17.448393,0.000000,1.000000,1.000000
17.498388,0.000000,1.000000,1.000000
17.548383,0.000000,1.000000,1.000000
17.598379,0.000000,1.000000,1.000000
17.648374,0.000000,1.000000,1.000000
17.698370,0.000000,1.000000,1.000000
17.748365,0.000000,1.000000,1.000000
17.798360,0.000000,1.000000,1.000000
17.848356,0.000000,1.000000,1.000000
17.898351,0.000000,1.000000,1.000000
17.948347,0.000000,1.000000,1.000000
17.998342,0.000000,1.000000,1.000000
18.048337,0.000000,1.000000,1.000000
18.098333,0.000000,1.000000,1.000000
18.148328,0.000000,1.000000,1.000000
18.198324,0.000000,1.000000,1.000000
18.248319,0.000000,1.000000,1.000000
18.298314,0.000000,1.000000,1.000000
18.348310,0.000000,1.000000,1.000000
18.398305,0.000000,1.000000,1.000000
18.448301,0.000000,1.000000,1.000000
18.498296,0.000000,1.000000,1.000000
18.548291,0.000000,1.000000,1.000000
18.598287,0.000000,1.000000,1.000000
18.648282,0.000000,1.000000,1.000000
18.698278,0.000000,1.000000,1.000000
18.748273,0.000000,1.000000,1.000000
18.798268,0.000000,1.000000,1.000000
18.848264,0.000000,1.000000,1.000000
18.898259,0.000000,1.000000,1.000000
18.948254,0.000000,1.000000,1.000000
18.998250,0.000000,1.000000,1.000000
19.048245,0.000000,1.000000,1.000000
19.098241,0.000000,1.000000,1.000000
19.148236,0.000000,1.000000,1.000000
19.198231,0.000000,1.000000,1.000000
19.248227,0.000000,1.000000,1.000000
19.298222,0.000000,1.000000,1.000000
19.348218,0.000000,1.000000,1.000000
19.398213,0.000000,1.000000,1.000000
19.448208,0.000000,1.000000,1.000000
19.498204,0.000000,1.000000,1.000000
19.548199,0.000000,1.000000,1.000000
19.598195,0.000000,1.000000,1.000000
19.648190,0.000000,1.000000,1.000000
19.698185,0.000000,1.000000,1.000000
19.748181,0.000000,1.000000,1.000000
19.798176,0.000000,1.000000,1.000000
19.848172,0.000000,1.000000,1.000000
19.898167,0.000000,1.000000,1.000000
19.948162,0.000000,1.000000,1.000000
19.998158,0.000000,1.000000,1.000000
20.048153,0.000000,0.998796,0.998796
20.098149,0.000000,0.997546,0.997546
20.148144,0.000000,0.996296,0.996296
20.198139,0.000000,0.995047,0.995047
20.248135,0.000000,0.993797,0.993797
20.298130,0.000000,0.992547,0.992547
20.348126,0.000000,0.991297,0.991297
20.398121,0.000000,0.990047,0.990047
20.448116,0.000000,0.988797,0.988797
20.498112,0.000000,0.987547,0.987547
20.548107,0.000000,0.986297,0.986297
20.598103,0.000000,0.985047,0.985047
20.648098,0.000000,0.983798,0.983798
20.698093,0.000000,0.982548,0.982548
20.748089,0.000000,0.981298,0.981298
20.798084,0.000000,0.980048,0.980048
20.848079,0.000000,0.978798,0.978798
20.898075,0.000000,0.977548,0.977548
20.948070,0.000000,0.976298,0.976298
20.998066,0.000000,0.975048,0.975048
21.048061,0.000000,0.973798,0.973798
21.098056,0.000000,0.972549,0.972549
21.148052,0.000000,0.971299,0.971299
21.198047,0.000000,0.970049,0.970049
21.248043,0.000000,0.968799,0.968799
21.298038,0.000000,0.967549,0.967549
21.348033,0.000000,0.966299,0.966299
21.398029,0.000000,0.965049,0.965049
21.448024,0.000000,0.963799,0.963799
21.498020,0.000000,0.962550,0.962550
21.548015,0.000000,0.961300,0.961300
21.598010,0.000000,0.960050,0.960050
21.648006,0.000000,0.958800,0.958800
21.698001,0.000000,0.957550,0.957550
21.747997,0.000000,0.956300,0.956300
21.797992,0.000000,0.955050,0.955050
21.847987,0.000000,0.953800,0.953800
21.897983,0.000000,0.952550,0.952550
21.947978,0.000000,0.951301,0.951301
21.997974,0.000000,0.950051,0.950051
22.047969,0.000000,0.948801,0.948801
22.097964,0.000000,0.947551,0.947551
22.147960,0.000000,0.946301,0.946301
22.197955,0.000000,0.945051,0.945051
22.247951,0.000000,0.943801,0.943801
22.297946,0.000000,0.942551,0.942551
22.347941,0.000000,0.941301,0.941301
22.397937,0.000000,0.940052,0.940052
22.447932,0.000000,0.938802,0.938802
22.497928,0.000000,0.937552,0.937552
22.547923,0.000000,0.936302,0.936302
22.597918,0.000000,0.935052,0.935052
22.647914,0.000000,0.933802,0.933802
22.697909,0.000000,0.932552,0.932552
22.747904,0.000000,0.931302,0.931302
22.797900,0.000000,0.930053,0.930053
22.847895,0.000000,0.928803,0.928803
22.897891,0.000000,0.927553,0.927553
22.947886,0.000000,0.926303,0.926303
22.997881,0.000000,0.925053,0.925053
23.047877,0.000000,0.923803,0.923803
23.097872,0.000000,0.922553,0.922553
23.147868,0.000000,0.921303,0.921303
23.197863,0.000000,0.920053,0.920053
23.247858,0.000000,0.918804,0.918804
23.297854,0.000000,0.917554,0.917554
23.347849,0.000000,0.916304,0.916304
23.397845,0.000000,0.915054,0.915054
23.447840,0.000000,0.913804,0.913804
23.497835,0.000000,0.912554,0.912554
23.547831,0.000000,0.911304,0.911304
23.597826,0.000000,0.910054,0.910054
23.647822,0.000000,0.908804,0.908804
23.697817,0.000000,0.907555,0.907555
23.747812,0.000000,0.906305,0.906305
23.797808,0.000000,0.905055,0.905055
23.847803,0.000000,0.903805,0.903805
23.897799,0.000000,0.902555,0.902555
23.947794,0.000000,0.901305,0.901305
23.997789,0.000000,0.900055,0.900055
24.047785,0.000000,0.900000,0.900000
24.097780,0.000000,0.900000,0.900000
24.147776,0.000000,0.900000,0.900000
24.197771,0.000000,0.900000,0.900000
24.247766,0.000000,0.900000,0.900000
24.297762,0.000000,0.900000,0.900000
24.347757,0.000000,0.900000,0.900000
24.397752,0.000000,0.900000,0.900000
24.447748,0.000000,0.900000,0.900000
24.497743,0.000000,0.900000,0.900000
24.547739,0.000000,0.900000,0.900000
24.597734,0.000000,0.900000,0.900000
24.647729,0.000000,0.900000,0.900000
24.697725,0.000000,0.900000,0.900000
24.747720,0.000000,0.900000,0.900000
24.797716,0.000000,0.900000,0.900000
24.847711,0.000000,0.900000,0.900000
24.897706,0.000000,0.900000,0.900000
24.947702,0.000000,0.900000,0.900000
24.997697,0.000000,0.900000,0.900000
25.047693,0.000000,0.900000,0.900000
25.097688,0.000000,0.900000,0.900000
25.147683,0.000000,0.900000,0.900000
25.197679,0.000000,0.900000,0.900000
25.247674,0.000000,0.900000,0.900000
25.297670,0.000000,0.900000,0.900000
25.347665,0.000000,0.900000,0.900000
25.397660,0.000000,0.900000,0.900000
25.447656,0.000000,0.900000,0.900000
25.497651,0.000000,0.900000,0.900000
25.547647,0.000000,0.900000,0.900000
25.597642,0.000000,0.900000,0.900000
25.647637,0.000000,0.900000,0.900000
25.697633,0.000000,0.900000,0.900000
25.747628,0.000000,0.900000,0.900000
25.797624,0.000000,0.900000,0.900000
25.847619,0.000000,0.900000,0.900000
25.897614,0.000000,0.900000,0.900000
25.947610,0.000000,0.900000,0.900000
25.997605,0.000000,0.900000,0.900000
26.047599,0.000324,0.900000,0.900000
26.097583,0.001361,0.900000,0.900000
26.147548,0.003111,0.900000,0.900000
26.197482,0.005576,0.900000,0.900000
26.247376,0.008753,0.900000,0.900000
26.297219,0.012643,0.900000,0.900000
26.347002,0.017244,0.900000,0.900000
26.396714,0.022556,0.900000,0.900000
26.446345,0.028577,0.900000,0.900000
26.495885,0.035307,0.900000,0.900000
26.545324,0.042744,0.900000,0.900000
26.594651,0.050886,0.900000,0.900000
26.643857,0.059731,0.900000,0.900000
26.692932,0.069279,0.900000,0.900000
26.741866,0.079527,0.900000,0.900000
26.790648,0.090473,0.900000,0.900000
26.839268,0.102114,0.900000,0.900000
26.887718,0.114449,0.900000,0.900000
26.935986,0.127474,0.900000,0.900000
26.984064,0.141188,0.900000,0.900000
27.031940,0.155587,0.900000,0.900000
27.079606,0.170668,0.900000,0.900000
27.127052,0.186429,0.900000,0.900000
27.174268,0.202866,0.900000,0.900000
27.221244,0.219975,0.900000,0.900000
27.267971,0.237754,0.900000,0.900000
27.314439,0.256198,0.900000,0.900000
27.360639,0.275305,0.900000,0.900000
27.406562,0.295069,0.900000,0.900000
27.452197,0.315487,0.900000,0.900000
27.497536,0.336555,0.900000,0.900000
27.542570,0.358268,0.900000,0.900000
27.587289,0.380623,0.900000,0.900000
27.631684,0.403614,0.900000,0.900000
27.675746,0.427236,0.900000,0.900000
27.719466,0.451486,0.900000,0.900000
27.762835,0.476358,0.900000,0.900000
27.805845,0.501846,0.900000,0.900000
27.848486,0.527947,0.900000,0.900000
27.890750,0.554654,0.900000,0.900000
27.932628,0.581961,0.900000,0.900000
27.974112,0.609865,0.900000,0.900000
28.015193,0.638358,0.900000,0.900000
28.055863,0.667434,0.900000,0.900000
28.096113,0.697089,0.900000,0.900000
28.135936,0.727316,0.900000,0.900000
28.175323,0.758108,0.900000,0.900000
28.214266,0.789460,0.900000,0.900000
28.252757,0.821365,0.900000,0.900000
28.290789,0.853816,0.900000,0.900000
28.328353,0.886808,0.900000,0.900000
28.365442,0.920332,0.900000,0.900000
28.402048,0.954383,0.900000,0.900000
28.438164,0.988954,0.900000,0.900000
28.473783,1.024036,0.900000,0.900000
28.508897,1.059624,0.900000,0.900000
28.543500,1.095710,0.900000,0.900000
28.577583,1.132286,0.900000,0.900000
28.611140,1.169346,0.900000,0.900000
28.644164,1.206881,0.900000,0.900000
28.676649,1.244884,0.900000,0.900000
28.708588,1.283347,0.900000,0.900000
28.739974,1.322262,0.900000,0.900000
28.770801,1.361622,0.900000,0.900000
28.801063,1.401418,0.900000,0.900000
28.830753,1.441643,0.900000,0.900000
28.859866,1.482287,0.900000,0.900000
28.888395,1.523343,0.900000,0.900000
28.916335,1.564802,0.900000,0.900000
28.943679,1.606656,0.900000,0.900000
28.970423,1.648896,0.900000,0.900000
28.996561,1.691515,0.900000,0.900000
29.022088,1.734502,0.900000,0.900000
29.046998,1.777849,0.900000,0.900000
29.071286,1.821548,0.900000,0.900000
29.094948,1.865589,0.900000,0.900000
29.117978,1.909964,0.900000,0.900000
29.140371,1.954663,0.900000,0.900000
29.162125,1.999677,0.900000,0.900000
29.183232,2.044998,0.900000,0.900000
29.203691,2.090615,0.900000,0.900000
29.223495,2.136520,0.900000,0.900000
29.242642,2.182704,0.900000,0.900000
29.261128,2.229156,0.900000,0.900000
29.278948,2.275867,0.900000,0.900000
29.296099,2.322828,0.900000,0.900000
29.312577,2.370029,0.900000,0.900000
29.328379,2.417461,0.900000,0.900000
29.343503,2.465114,0.900000,0.900000
29.357944,2.512978,0.900000,0.900000
29.371700,2.561043,0.900000,0.900000
29.384768,2.609300,0.900000,0.900000
29.397145,2.657738,0.900000,0.900000
29.408829,2.706349,0.900000,0.900000
29.419818,2.755121,0.900000,0.900000
29.430109,2.804046,0.900000,0.900000
29.439700,2.853112,0.900000,0.900000
29.448589,2.902310,0.900000,0.900000
29.456775,2.951631,0.900000,0.900000
29.464255,3.001063,0.900000,0.900000
29.471028,3.050597,0.900000,0.900000
29.477093,3.100223,0.900000,0.900000
29.482449,3.149930,0.900000,0.900000
29.487094,3.199709,0.900000,0.900000
29.491028,3.249549,0.900000,0.900000
29.494249,3.299440,0.900000,0.900000
29.496757,3.349372,0.900000,0.900000
29.498552,3.399334,0.900000,0.900000
29.499633,3.449318,0.900000,0.900000
29.500000,3.499311,0.900000,0.900000
29.500000,3.549307,0.900000,0.900000
29.500000,3.599302,0.900000,0.900000
29.500000,3.649298,0.900000,0.900000
29.500000,3.699293,0.900000,0.900000
29.500000,3.749288,0.900000,0.900000
29.500000,3.799284,0.900000,0.900000
29.500000,3.849279,0.900000,0.900000
29.500000,3.899275,0.900000,0.900000
29.500000,3.949270,0.900000,0.900000
29.500000,3.999265,0.900000,0.900000
29.500000,4.049261,0.900000,0.900000
29.500000,4.099256,0.900000,0.900000
29.500000,4.149251,0.900000,0.900000
29.500000,4.199247,0.900000,0.900000
29.500000,4.249242,0.900000,0.900000
29.500000,4.299238,0.900000,0.900000
29.500000,4.349233,0.900000,0.900000
29.500000,4.399228,0.900000,0.900000
29.500000,4.449224,0.900000,0.900000
29.500000,4.499219,0.900000,0.900000
29.500000,4.549215,0.900000,0.900000
29.500000,4.599210,0.900000,0.900000
29.500000,4.649205,0.900000,0.900000
29.500000,4.699201,0.900000,0.900000
29.500000,4.749196,0.900000,0.900000
29.500000,4.799192,0.900000,0.900000
29.500000,4.849187,0.900000,0.900000
29.500000,4.899182,0.900000,0.900000
29.500000,4.949178,0.900000,0.900000
29.500000,4.999173,0.900000,0.900000
29.500000,5.049169,0.900000,0.900000
29.500000,5.099164,0.900000,0.900000
29.500000,5.149159,0.900000,0.900000
29.500000,5.199155,0.900000,0.900000
29.500000,5.249150,0.900000,0.900000
29.500000,5.299146,0.900000,0.900000
29.500000,5.349141,0.900000,0.900000
29.500000,5.399136,0.900000,0.900000
29.500000,5.449132,0.900000,0.900000
29.500000,5.499127,0.900000,0.900000
29.500000,5.549123,0.900000,0.900000
29.500000,5.599118,0.900000,0.900000
29.500000,5.649113,0.900000,0.900000
29.500000,5.699109,0.900000,0.900000
29.500000,5.749104,0.900000,0.900000
29.500000,5.799100,0.900000,0.900000
29.500000,5.849095,0.900000,0.900000
29.500000,5.899090,0.900000,0.900000
29.500000,5.949086,0.900000,0.900000
29.500000,5.999081,0.900000,0.900000
29.500000,6.049076,0.900000,0.900000
29.500000,6.099072,0.900000,0.900000
29.500000,6.149067,0.900000,0.900000
29.500000,6.199063,0.900000,0.900000
29.500000,6.249058,0.900000,0.900000
29.500000,6.299053,0.900000,0.900000
29.500000,6.349049,0.900000,0.900000
29.500000,6.399044,0.900000,0.900000
29.500000,6.449040,0.900000,0.900000
29.500000,6.499035,0.900000,0.900000
29.499399,6.549026,0.900000,0.900000
29.497549,6.598985,0.900000,0.900000
29.494451,6.648883,0.900000,0.900000
29.490106,6.698688,0.900000,0.900000
29.484518,6.748369,0.900000,0.900000
29.477690,6.797895,0.900000,0.900000
29.469626,6.847234,0.900000,0.900000
29.460332,6.896357,0.900000,0.900000
29.449813,6.945232,0.900000,0.900000
29.438075,6.993828,0.900000,0.900000
29.425126,7.042116,0.900000,0.900000
29.410974,7.090066,0.900000,0.900000
29.395628,7.137646,0.900000,0.900000
29.379098,7.184828,0.900000,0.900000
29.361394,7.231583,0.900000,0.900000
29.342526,7.277880,0.900000,0.900000
29.322507,7.323691,0.900000,0.900000
29.301350,7.368987,0.900000,0.900000
29.279067,7.413741,0.900000,0.900000
29.255672,7.457923,0.900000,0.900000
29.231180,7.501507,0.900000,0.900000
29.205606,7.544465,0.900000,0.900000
29.178967,7.586771,0.900000,0.900000
29.151278,7.628397,0.900000,0.900000
29.122558,7.669318,0.900000,0.900000
29.092824,7.709509,0.900000,0.900000
29.062094,7.748944,0.900000,0.900000
29.030389,7.787599,0.900000,0.900000
28.997727,7.825448,0.900000,0.900000
28.964129,7.862470,0.900000,0.900000
28.929617,7.898641,0.900000,0.900000
28.894211,7.933937,0.900000,0.900000
28.857934,7.968337,0.900000,0.900000
28.820809,8.001820,0.900000,0.900000
28.782858,8.034365,0.900000,0.900000
28.744106,8.065951,0.900000,0.900000
28.704576,8.096558,0.900000,0.900000
28.664293,8.126168,0.900000,0.900000
28.623283,8.154761,0.900000,0.900000
28.581571,8.182321,0.900000,0.900000
28.539184,8.208829,0.900000,0.900000
28.496147,8.234270,0.900000,0.900000
28.452487,8.258627,0.900000,0.900000
28.408233,8.281885,0.900000,0.900000
28.363411,8.304029,0.900000,0.900000
28.318049,8.325047,0.900000,0.900000
28.272176,8.344924,0.900000,0.900000
28.225821,8.363648,0.900000,0.900000
28.179012,8.381208,0.900000,0.900000
28.131779,8.397592,0.900000,0.900000
28.084151,8.412791,0.900000,0.900000
28.036158,8.426794,0.900000,0.900000
27.987830,8.439593,0.900000,0.900000
27.939198,8.451181,0.900000,0.900000
27.890290,8.461549,0.900000,0.900000
27.841139,8.470691,0.900000,0.900000
27.791775,8.478602,0.900000,0.900000
27.742229,8.485277,0.900000,0.900000
27.692531,8.490711,0.900000,0.900000
27.642713,8.494902,0.900000,0.900000
27.592805,8.497846,0.900000,0.900000
27.542840,8.499541,0.900000,0.900000
27.492848,8.500000,0.900000,0.900000
27.442852,8.500000,0.900000,0.900000
27.392857,8.500000,0.900000,0.900000
27.342862,8.500000,0.900000,0.900000
27.292866,8.500000,0.900000,0.900000
27.242871,8.500000,0.900000,0.900000
27.192875,8.500000,0.900000,0.900000
27.142880,8.500000,0.900000,0.900000
27.092885,8.500000,0.900000,0.900000
27.042889,8.500000,0.900000,0.900000
26.992894,8.500000,0.900000,0.900000
26.942898,8.500000,0.900000,0.900000
26.892903,8.500000,0.900000,0.900000
26.842908,8.500000,0.900000,0.900000
26.792912,8.500000,0.900000,0.900000
26.742917,8.500000,0.900000,0.900000
26.692921,8.500000,0.900000,0.900000
26.642926,8.500000,0.900000,0.900000
26.592931,8.500000,0.900000,0.900000
26.542935,8.500000,0.900000,0.900000
26.492940,8.500000,0.900000,0.900000
26.442944,8.500000,0.900000,0.900000
26.392949,8.500000,0.900000,0.900000
26.342954,8.500000,0.900000,0.900000
26.292958,8.500000,0.900000,0.900000
26.242963,8.500000,0.900000,0.900000
26.192968,8.500000,0.900000,0.900000
26.142972,8.500000,0.900000,0.900000
26.092977,8.500000,0.900000,0.900000
26.042981,8.500000,0.900000,0.900000
25.992986,8.500000,0.900000,0.900000
25.942991,8.500000,0.900000,0.900000
25.892995,8.500000,0.900000,0.900000
25.843000,8.500000,0.900000,0.900000
25.793004,8.500000,0.900000,0.900000
25.743009,8.500000,0.900000,0.900000
25.693014,8.500000,0.900000,0.900000
25.643018,8.500000,0.900000,0.900000
25.593023,8.500000,0.900000,0.900000
25.543027,8.500000,0.900000,0.900000
25.493032,8.500000,0.900000,0.900000
25.443037,8.500000,0.900000,0.900000
25.393041,8.500000,0.900000,0.900000
25.343046,8.500000,0.900000,0.900000
25.293050,8.500000,0.900000,0.900000
25.243055,8.500000,0.900000,0.900000
25.193060,8.500000,0.900000,0.900000
25.143064,8.500000,0.900000,0.900000
25.093069,8.500000,0.900000,0.900000
25.043073,8.500000,0.900000,0.900000
24.993078,8.500000,0.900000,0.900000
24.943083,8.500000,0.900000,0.900000
24.893087,8.500000,0.900000,0.900000
24.843092,8.500000,0.900000,0.900000
24.793096,8.500000,0.900000,0.900000
24.743101,8.500000,0.900000,0.900000
24.693106,8.500000,0.900000,0.900000
24.643110,8.500000,0.900000,0.900000
24.593115,8.500000,0.900000,0.900000
24.543120,8.500000,0.900000,0.900000
24.493124,8.500000,0.900000,0.900000
24.443129,8.500000,0.900000,0.900000
24.393133,8.500000,0.900000,0.900000
24.343138,8.500000,0.900000,0.900000
24.293143,8.500000,0.900000,0.900000
24.243147,8.500000,0.900000,0.900000
24.193152,8.500000,0.900000,0.900000
24.143156,8.500000,0.900000,0.900000
24.093161,8.500000,0.900000,0.900000
24.043166,8.500000,0.900000,0.900000
23.993170,8.500000,0.900000,0.900000
23.943175,8.500000,0.900000,0.900000
23.893179,8.500000,0.900000,0.900000
23.843184,8.500000,0.900000,0.900000
23.793189,8.500000,0.900000,0.900000
23.743193,8.500000,0.900000,0.900000
23.693198,8.500000,0.900000,0.900000
23.643202,8.500000,0.900000,0.900000
23.593207,8.500000,0.900000,0.900000
23.543212,8.500000,0.900000,0.900000
23.493216,8.500000,0.900000,0.900000
23.443221,8.500000,0.900000,0.900000
23.393225,8.500000,0.900000,0.900000
23.343230,8.500000,0.900000,0.900000
23.293235,8.500000,0.900000,0.900000
23.243239,8.500000,0.900000,0.900000
23.193244,8.500000,0.900000,0.900000
23.143248,8.500000,0.900000,0.900000
23.093253,8.500000,0.900000,0.900000
23.043258,8.500000,0.900000,0.900000
22.993262,8.500000,0.900000,0.900000
22.943267,8.500000,0.900000,0.900000
22.893271,8.500000,0.900000,0.900000
22.843276,8.500000,0.900000,0.900000
22.793281,8.500000,0.900000,0.900000
22.743285,8.500000,0.900000,0.900000
22.693290,8.500000,0.900000,0.900000
22.643295,8.500000,0.900000,0.900000
22.593299,8.500000,0.900000,0.900000
22.543304,8.500000,0.900000,0.900000
22.493308,8.500000,0.900000,0.900000
22.443313,8.500000,0.900000,0.900000
22.393318,8.500000,0.900000,0.900000
22.343322,8.500000,0.900000,0.900000
22.293327,8.500000,0.900000,0.900000
22.243331,8.500000,0.900000,0.900000
22.193336,8.500000,0.900000,0.900000
22.143341,8.500000,0.900000,0.900000
22.093345,8.500000,0.900000,0.900000
22.043350,8.500000,0.900000,0.900000
21.993354,8.500000,0.900000,0.900000
21.943359,8.500000,0.900000,0.900000
21.893364,8.500000,0.900000,0.900000
21.843368,8.500000,0.900000,0.900000
21.793373,8.500000,0.900000,0.900000
21.743377,8.500000,0.900000,0.900000
21.693382,8.500000,0.900000,0.900000
21.643387,8.500000,0.900000,0.900000
21.593391,8.500000,0.900000,0.900000
21.543396,8.500000,0.900000,0.900000
21.493400,8.500000,0.900000,0.900000
21.443405,8.500000,0.900000,0.900000
21.393410,8.500000,0.900000,0.900000
21.343414,8.500000,0.900000,0.900000
21.293419,8.500000,0.900000,0.900000
21.243423,8.500000,0.900000,0.900000
21.193428,8.500000,0.900000,0.900000
21.143433,8.500000,0.900000,0.900000
21.093437,8.500000,0.900000,0.900000
21.043442,8.500000,0.900000,0.900000
20.993446,8.500000,0.900000,0.900000
20.943451,8.500000,0.900000,0.900000
20.893456,8.500000,0.900000,0.900000
20.843460,8.500000,0.900000,0.900000
20.793465,8.500000,0.900000,0.900000
20.743470,8.500000,0.900000,0.900000
20.693474,8.500000,0.900000,0.900000
20.643479,8.500000,0.900000,0.900000
20.593483,8.500000,0.900000,0.900000
20.543488,8.500000,0.900000,0.900000
20.493493,8.500000,0.900000,0.900000
20.443497,8.500000,0.900000,0.900000
20.393502,8.500000,0.900000,0.900000
20.343506,8.500000,0.900000,0.900000
20.293511,8.500000,0.900000,0.900000
20.243516,8.500000,0.900000,0.900000
20.193520,8.500000,0.900000,0.900000
20.143525,8.500000,0.900000,0.900000
20.093529,8.500000,0.900000,0.900000
20.043534,8.500000,0.900000,0.900000
19.993539,8.500000,0.900000,0.900000
19.943543,8.500000,0.900000,0.900000
19.893548,8.500000,0.900000,0.900000
19.843552,8.500000,0.900000,0.900000
19.793557,8.500000,0.900000,0.900000
19.743562,8.500000,0.900000,0.900000
19.693566,8.500000,0.900000,0.900000
19.643571,8.500000,0.900000,0.900000
19.593575,8.500000,0.900000,0.900000
19.543580,8.500000,0.900000,0.900000
19.493585,8.500000,0.900000,0.900000
19.443589,8.500000,0.900000,0.900000
19.393594,8.500000,0.900000,0.900000
19.343598,8.500000,0.900000,0.900000
19.293603,8.500000,0.900000,0.900000
19.243608,8.500000,0.900000,0.900000
19.193612,8.500000,0.900000,0.900000
19.143617,8.500000,0.900000,0.900000
19.093622,8.500000,0.900000,0.900000
19.043626,8.500000,0.900000,0.900000
18.993631,8.500000,0.900000,0.900000
18.943635,8.500000,0.900000,0.900000
18.893640,8.500000,0.900000,0.900000
18.843645,8.500000,0.900000,0.900000
18.793649,8.500000,0.900000,0.900000
18.743654,8.500000,0.900000,0.900000
18.693658,8.500000,0.900000,0.900000
18.643663,8.500000,0.900000,0.900000
18.593668,8.500000,0.900000,0.900000
18.543672,8.500000,0.900000,0.900000
18.493677,8.500000,0.900000,0.900000
18.443681,8.500000,0.900000,0.900000
18.393686,8.500000,0.900000,0.900000
18.343691,8.500000,0.900000,0.900000
18.293695,8.500000,0.900000,0.900000
18.243700,8.500000,0.900000,0.900000
18.193704,8.500000,0.900000,0.900000
18.143709,8.500000,0.900000,0.900000
18.093714,8.500000,0.900000,0.900000
18.043718,8.500000,0.900000,0.900000
17.993723,8.500000,0.900000,0.900000
17.943727,8.500000,0.900000,0.900000
17.893732,8.500000,0.900000,0.900000
17.843737,8.500000,0.900000,0.900000
17.793741,8.500000,0.900000,0.900000
17.743746,8.500000,0.900000,0.900000
17.693750,8.500000,0.900000,0.900000
17.643755,8.500000,0.900000,0.900000
17.593760,8.500000,0.900000,0.900000
17.543764,8.500000,0.900000,0.900000
17.493769,8.500000,0.900000,0.900000
17.443773,8.500000,0.900000,0.900000
17.393778,8.500000,0.900000,0.900000
17.343783,8.500000,0.900000,0.900000
17.293787,8.500000,0.900000,0.900000
17.243792,8.500000,0.900000,0.900000
17.193797,8.500000,0.900000,0.900000
17.143801,8.500000,0.900000,0.900000
17.093806,8.500000,0.900000,0.900000
17.043810,8.500000,0.900000,0.900000
16.993815,8.500000,0.900000,0.900000
16.943820,8.500000,0.900000,0.900000
16.893824,8.500000,0.900000,0.900000
16.843829,8.500000,0.900000,0.900000
16.793833,8.500000,0.900000,0.900000
16.743838,8.500000,0.900000,0.900000
16.693843,8.500000,0.900000,0.900000
16.643847,8.500000,0.900000,0.900000
16.593852,8.500000,0.900000,0.900000
16.543856,8.500000,0.900000,0.900000
16.493861,8.500000,0.900000,0.900000
16.443866,8.500000,0.900000,0.900000
16.393870,8.500000,0.900000,0.900000
16.343875,8.500000,0.900000,0.900000
16.293879,8.500000,0.900000,0.900000
16.243884,8.500000,0.900000,0.900000
16.193889,8.500000,0.900000,0.900000
16.143893,8.500000,0.900000,0.900000
16.093898,8.500000,0.900000,0.900000
16.043902,8.500000,0.900000,0.900000
15.993907,8.500000,0.900000,0.900000
15.943912,8.500000,0.900000,0.900000
15.893916,8.500000,0.900000,0.900000
15.843921,8.500000,0.900000,0.900000
15.793925,8.500000,0.900000,0.900000
15.743930,8.500000,0.900000,0.900000
15.693935,8.500000,0.900000,0.900000
15.643939,8.500000,0.900000,0.900000
15.593944,8.500000,0.900000,0.900000
15.543949,8.500000,0.900000,0.900000
15.493953,8.500000,0.900000,0.900000
15.443958,8.500000,0.900000,0.900000
15.393962,8.500000,0.900000,0.900000
15.343967,8.500000,0.900000,0.900000
15.293972,8.500000,0.900000,0.900000
15.243976,8.500000,0.900000,0.900000
15.193981,8.500000,0.900000,0.900000
15.143985,8.500000,0.900000,0.900000
15.093990,8.500000,0.900000,0.900000
15.043995,8.500000,0.900000,0.900000
14.993999,8.500000,0.900000,0.900000
14.944004,8.500000,0.900000,0.900000
14.894008,8.500000,0.900000,0.900000
14.844013,8.500000,0.900000,0.900000
14.794018,8.500000,0.900000,0.900000
14.744022,8.500000,0.900000,0.900000
14.694027,8.500000,0.900000,0.900000
14.644031,8.500000,0.900000,0.900000
14.594036,8.500000,0.900000,0.900000
14.544041,8.500000,0.900000,0.900000
14.494045,8.500000,0.900000,0.900000
14.444050,8.500000,0.900000,0.900000
14.394054,8.500000,0.900000,0.900000
14.344059,8.500000,0.900000,0.900000
14.294064,8.500000,0.900000,0.900000
14.244068,8.500000,0.900000,0.900000
14.194073,8.500000,0.900000,0.900000
14.144077,8.500000,0.900000,0.900000
14.094082,8.500000,0.900000,0.900000
14.044087,8.500000,0.900000,0.900000
13.994091,8.500000,0.900000,0.900000
13.944096,8.500000,0.900000,0.900000
13.894100,8.500000,0.900000,0.900000
13.844105,8.500000,0.900000,0.900000
13.794110,8.500000,0.900000,0.900000
13.744114,8.500000,0.900000,0.900000
13.694119,8.500000,0.900000,0.900000
13.644124,8.500000,0.900000,0.900000
13.594128,8.500000,0.900000,0.900000
13.544133,8.500000,0.900000,0.900000
13.494137,8.500000,0.900000,0.900000
13.444142,8.500000,0.900000,0.900000
13.394147,8.500000,0.900000,0.900000
13.344151,8.500000,0.900000,0.900000
13.294156,8.500000,0.900000,0.900000
13.244160,8.500000,0.900000,0.900000
13.194165,8.500000,0.900000,0.900000
13.144170,8.500000,0.900000,0.900000
13.094174,8.500000,0.900000,0.900000
13.044179,8.500000,0.900000,0.900000
12.994183,8.500000,0.900000,0.900000
12.944188,8.500000,0.900000,0.900000
12.894193,8.500000,0.900000,0.900000
12.844197,8.500000,0.900000,0.900000
12.794202,8.500000,0.900000,0.900000
12.744206,8.500000,0.900000,0.900000
12.694211,8.500000,0.900000,0.900000
12.644216,8.500000,0.900000,0.900000
12.594220,8.500000,0.900000,0.900000
12.544225,8.500000,0.900000,0.900000
12.494229,8.500000,0.900000,0.900000
12.444234,8.500000,0.900000,0.900000
12.394239,8.500000,0.900000,0.900000
12.344243,8.500000,0.900000,0.900000
12.294248,8.500000,0.900000,0.900000
12.244252,8.500000,0.900000,0.900000
12.194257,8.500000,0.900000,0.900000
12.144262,8.500000,0.900000,0.900000
12.094266,8.500000,0.900000,0.900000
12.044271,8.500000,0.900000,0.900000
11.994275,8.500000,0.900000,0.900000
11.944280,8.500000,0.900000,0.900000
11.894285,8.500000,0.900000,0.900000
11.844289,8.500000,0.900000,0.900000
11.794294,8.500000,0.900000,0.900000
11.744299,8.500000,0.900000,0.900000
11.694303,8.500000,0.900000,0.900000
11.644308,8.500000,0.900000,0.900000
11.594312,8.500000,0.900000,0.900000
11.544317,8.500000,0.900000,0.900000
11.494322,8.500000,0.900000,0.900000
11.444326,8.500000,0.900000,0.900000
11.394331,8.500000,0.900000,0.900000
11.344335,8.500000,0.900000,0.900000
11.294340,8.500000,0.900000,0.900000
11.244345,8.500000,0.900000,0.900000
11.194349,8.500000,0.900000,0.900000
11.144354,8.500000,0.900000,0.900000
11.094358,8.500000,0.900000,0.900000
11.044363,8.500000,0.900000,0.900000
10.994368,8.500000,0.900000,0.900000
10.944372,8.500000,0.900000,0.900000
10.894377,8.500000,0.900000,0.900000
10.844381,8.500000,0.900000,0.900000
10.794386,8.500000,0.900000,0.900000
10.744391,8.500000,0.900000,0.900000
10.694395,8.500000,0.900000,0.900000
10.644400,8.500000,0.900000,0.900000
10.594404,8.500000,0.900000,0.900000
10.544409,8.500000,0.900000,0.900000
10.494414,8.500000,0.900000,0.900000
10.444418,8.500000,0.900000,0.900000
10.394423,8.500000,0.900000,0.900000
10.344427,8.500000,0.900000,0.900000
10.294432,8.500000,0.900000,0.900000
10.244437,8.500000,0.900000,0.900000
10.194441,8.500000,0.900000,0.900000
10.144446,8.500000,0.900000,0.900000
10.094451,8.500000,0.900166,0.900166
10.044455,8.500000,0.901666,0.901666
9.994460,8.500000,0.903166,0.903166
9.944464,8.500000,0.904666,0.904666
9.894469,8.500000,0.906166,0.906166
9.844474,8.500000,0.907666,0.907666
9.794478,8.500000,0.909166,0.909166
9.744483,8.500000,0.910666,0.910666
9.694487,8.500000,0.912165,0.912165
9.644492,8.500000,0.913665,0.913665
9.594497,8.500000,0.915165,0.915165
9.544501,8.500000,0.916665,0.916665
9.494506,8.500000,0.918165,0.918165
9.444510,8.500000,0.919665,0.919665
9.394515,8.500000,0.921165,0.921165
9.344520,8.500000,0.922664,0.922664
9.294524,8.500000,0.924164,0.924164
9.244529,8.500000,0.925664,0.925664
9.194533,8.500000,0.927164,0.927164
9.144538,8.500000,0.928664,0.928664
9.094543,8.500000,0.930164,0.930164
9.044547,8.500000,0.931664,0.931664
8.994552,8.500000,0.933163,0.933163
8.944556,8.500000,0.934663,0.934663
8.894561,8.500000,0.936163,0.936163
8.844566,8.500000,0.937663,0.937663
8.794570,8.500000,0.939163,0.939163
8.744575,8.500000,0.940663,0.940663
8.694579,8.500000,0.942163,0.942163
8.644584,8.500000,0.943662,0.943662
8.594589,8.500000,0.945162,0.945162
8.544593,8.500000,0.946662,0.946662
8.494598,8.500000,0.948162,0.948162
8.444602,8.500000,0.949662,0.949662
8.394607,8.500000,0.951162,0.951162
8.344612,8.500000,0.952662,0.952662
8.294616,8.500000,0.954162,0.954162
8.244621,8.500000,0.955661,0.955661
8.194626,8.500000,0.957161,0.957161
8.144630,8.500000,0.958661,0.958661
8.094635,8.500000,0.960161,0.960161
8.044639,8.500000,0.961661,0.961661
7.994644,8.500000,0.963161,0.963161
7.944649,8.500000,0.964661,0.964661
7.894653,8.500000,0.966160,0.966160
7.844658,8.500000,0.967660,0.967660
7.794662,8.500000,0.969160,0.969160
7.744667,8.500000,0.970660,0.970660
7.694672,8.500000,0.972160,0.972160
7.644676,8.500000,0.973660,0.973660
7.594681,8.500000,0.975160,0.975160
7.544685,8.500000,0.976659,0.976659
7.494690,8.500000,0.978159,0.978159
7.444695,8.500000,0.979659,0.979659
7.394699,8.500000,0.981159,0.981159
7.344704,8.500000,0.982659,0.982659
7.294708,8.500000,0.984159,0.984159
7.244713,8.500000,0.985659,0.985659
7.194718,8.500000,0.987158,0.987158
7.144722,8.500000,0.988658,0.988658
7.094727,8.500000,0.990158,0.990158
7.044731,8.500000,0.991658,0.991658
6.994736,8.500000,0.993158,0.993158
6.944741,8.500000,0.994658,0.994658
6.894745,8.500000,0.996158,0.996158
6.844750,8.500000,0.997658,0.997658
6.794754,8.500000,0.999157,0.999157
6.744759,8.500000,1.000657,1.000657
6.694764,8.500000,1.002157,1.002157
6.644768,8.500000,1.003657,1.003657
6.594773,8.500000,1.005157,1.005157
6.544777,8.500000,1.006657,1.006657
6.494782,8.500000,1.008157,1.008157
6.444787,8.500000,1.009656,1.009656
6.394791,8.500000,1.011156,1.011156
6.344796,8.500000,1.012656,1.012656
6.294801,8.500000,1.014156,1.014156
6.244805,8.500000,1.015656,1.015656
6.194810,8.500000,1.017156,1.017156
6.144814,8.500000,1.018656,1.018656
6.094819,8.500000,1.020155,1.020155
6.044824,8.500000,1.021655,1.021655
5.994828,8.500000,1.023155,1.023155
5.944833,8.500000,1.024655,1.024655
5.894837,8.500000,1.026155,1.026155
5.844842,8.500000,1.027655,1.027655
5.794847,8.500000,1.029155,1.029155
5.744851,8.500000,1.030654,1.030654
5.694856,8.500000,1.032154,1.032154
5.644860,8.500000,1.033654,1.033654
5.594865,8.500000,1.035154,1.035154
5.544870,8.500000,1.036654,1.036654
5.494874,8.500000,1.038154,1.038154
5.444879,8.500000,1.039654,1.039654
5.394883,8.500000,1.041153,1.041153
5.344888,8.500000,1.042653,1.042653
5.294893,8.500000,1.044153,1.044153
5.244897,8.500000,1.045653,1.045653
5.194902,8.500000,1.047153,1.047153
5.144906,8.500000,1.048653,1.048653
5.094911,8.500000,1.049315,1.049315
5.044916,8.500000,1.042585,1.042585
4.994920,8.500000,1.035855,1.035855
4.944925,8.500000,1.029125,1.029125
4.894929,8.500000,1.022394,1.022394
4.844934,8.500000,1.015664,1.015664
4.794939,8.500000,1.008934,1.008934
4.744943,8.500000,1.002204,1.002204
4.694948,8.500000,0.995474,0.995474
4.644953,8.500000,0.988744,0.988744
4.594957,8.500000,0.982013,0.982013
4.544962,8.500000,0.975283,0.975283
4.494966,8.500000,0.968553,0.968553
4.444971,8.500000,0.961823,0.961823
4.394976,8.500000,0.955093,0.955093
4.344980,8.500000,0.948363,0.948363
4.294985,8.500000,0.941633,0.941633
4.244989,8.500000,0.934902,0.934902
4.194994,8.500000,0.928172,0.928172
4.144999,8.500000,0.921442,0.921442
4.095003,8.500000,0.914712,0.914712
4.045008,8.500000,0.907982,0.907982
3.995012,8.500000,0.901252,0.901252
3.945017,8.500000,0.894522,0.894522
3.895022,8.500000,0.887791,0.887791
3.845026,8.500000,0.881061,0.881061
3.795031,8.500000,0.874331,0.874331
3.745035,8.500000,0.867601,0.867601
3.695040,8.500000,0.860871,0.860871
3.645045,8.500000,0.854141,0.854141
3.595049,8.500000,0.847410,0.847410
3.545054,8.500000,0.840680,0.840680
3.495058,8.500000,0.833950,0.833950
3.445063,8.500000,0.827220,0.827220
3.395068,8.500000,0.820490,0.820490
3.345072,8.500000,0.813760,0.813760
3.295077,8.500000,0.807030,0.807030
3.245081,8.500000,0.800299,0.800299
3.195086,8.500000,0.793569,0.793569
3.145091,8.500000,0.786839,0.786839
3.095095,8.500000,0.780109,0.780109
3.045100,8.500000,0.773379,0.773379
2.995104,8.500000,0.766649,0.766649
2.945109,8.500000,0.759919,0.759919
2.895114,8.500000,0.753188,0.753188
2.845118,8.500000,0.746458,0.746458
2.795123,8.500000,0.739728,0.739728
2.745128,8.500000,0.732998,0.732998
2.695132,8.500000,0.726268,0.726268
2.645137,8.500000,0.719538,0.719538
2.595141,8.500000,0.712807,0.712807
2.545146,8.500000,0.706077,0.706077
2.495151,8.500012,0.700000,0.700000
2.445183,8.501504,0.700000,0.700000
2.395352,8.505491,0.700000,0.700000
2.345782,8.511963,0.700000,0.700000
2.296598,8.520905,0.700000,0.700000
2.247923,8.532293,0.700000,0.700000
2.199877,8.546100,0.700000,0.700000
2.152581,8.562290,0.700000,0.700000
2.106153,8.580824,0.700000,0.700000
2.060710,8.601655,0.700000,0.700000
2.016365,8.624730,0.700000,0.700000
1.973228,8.649994,0.700000,0.700000
1.931407,8.677381,0.700000,0.700000
1.891008,8.706824,0.700000,0.700000
1.852130,8.738249,0.700000,0.700000
1.814871,8.771578,0.700000,0.700000
1.779325,8.806727,0.700000,0.700000
1.745579,8.843609,0.700000,0.700000
1.713719,8.882131,0.700000,0.700000
1.683824,8.922197,0.700000,0.700000
1.655968,8.963707,0.700000,0.700000
1.630222,9.006557,0.700000,0.700000
1.606649,9.050641,0.700000,0.700000
1.585309,9.095847,0.700000,0.700000
1.566254,9.142063,0.700000,0.700000
1.549533,9.189174,0.700000,0.700000
1.535187,9.237061,0.700000,0.700000
1.523253,9.285606,0.700000,0.700000
1.513759,9.334687,0.700000,0.700000
1.506730,9.384180,0.700000,0.700000
1.502183,9.433963,0.700000,0.700000
1.500129,9.483911,0.700000,0.700000
1.499425,9.533899,0.700000,0.700000
1.496482,9.583803,0.700000,0.700000
1.491049,9.633497,0.700000,0.700000
1.483139,9.682857,0.700000,0.700000
1.472773,9.731761,0.700000,0.700000
1.459975,9.780085,0.700000,0.700000
1.444779,9.827709,0.700000,0.700000
1.427221,9.874515,0.700000,0.700000
1.407346,9.920384,0.700000,0.700000
1.385204,9.965203,0.700000,0.700000
1.360849,10.008860,0.700000,0.700000
1.334344,10.051244,0.700000,0.700000
1.305753,10.092252,0.700000,0.700000
1.275149,10.131779,0.700000,0.700000
1.242607,10.169727,0.700000,0.700000
1.208210,10.206002,0.700000,0.700000
1.172043,10.240512,0.700000,0.700000
1.134197,10.273172,0.700000,0.700000
1.094765,10.303900,0.700000,0.700000
1.053847,10.332618,0.700000,0.700000
1.011546,10.359256,0.700000,0.700000
0.967966,10.383747,0.700000,0.700000
0.923216,10.406029,0.700000,0.700000
0.877409,10.426047,0.700000,0.700000
0.830658,10.443751,0.700000,0.700000
0.783082,10.459096,0.700000,0.700000
0.734798,10.472044,0.700000,0.700000
0.685927,10.482564,0.700000,0.700000
0.636591,10.490628,0.700000,0.700000
0.586914,10.496216,0.700000,0.700000
0.537020,10.499315,0.700000,0.700000
0.487033,10.500000,0.701179,0.701179
0.437038,10.500000,0.705724,0.705724
0.387043,10.500000,0.710269,0.710269
0.337047,10.500000,0.714814,0.714814
0.287052,10.500000,0.719359,0.719359
0.237056,10.500000,0.723904,0.723904
0.187061,10.500000,0.728449,0.728449
0.137066,10.500000,0.732994,0.732994
0.087070,10.500000,0.737539,0.737539
0.037075,10.500000,0.742084,0.742084
-0.012921,10.500000,0.746629,0.746629
-0.062916,10.500000,0.751174,0.751174
-0.112911,10.500000,0.755719,0.755719
-0.162907,10.500000,0.760264,0.760264
-0.212902,10.500000,0.764809,0.764809
-0.262898,10.500000,0.769354,0.769354
-0.312893,10.500000,0.773899,0.773899
-0.362888,10.500000,0.778444,0.778444
-0.412884,10.500000,0.782989,0.782989
-0.462879,10.500000,0.787534,0.787534
-0.512875,10.500000,0.792080,0.792080
-0.562870,10.500000,0.796625,0.796625
-0.612865,10.500000,0.801170,0.801170
-0.662861,10.500000,0.805715,0.805715
-0.712856,10.500000,0.810260,0.810260
-0.762852,10.500000,0.814805,0.814805
-0.812847,10.500000,0.819350,0.819350
-0.862842,10.500000,0.823895,0.823895
-0.912838,10.500000,0.828440,0.828440
-0.962833,10.500000,0.832985,0.832985
-1.012828,10.500000,0.837530,0.837530
-1.062824,10.500000,0.842075,0.842075
-1.112819,10.500000,0.846620,0.846620
-1.162815,10.500000,0.851165,0.851165
-1.212810,10.500000,0.855710,0.855710
-1.262805,10.500000,0.860255,0.860255
-1.312801,10.500000,0.864800,0.864800
-1.362796,10.500000,0.869345,0.869345
-1.412792,10.500000,0.873890,0.873890
-1.462787,10.500000,0.878435,0.878435
-1.512782,10.500000,0.882980,0.882980
-1.562778,10.500000,0.887525,0.887525
-1.612773,10.500000,0.892070,0.892070
-1.662769,10.500000,0.896615,0.896615
-1.712764,10.500000,0.900000,0.900000
-1.762759,10.500000,0.900000,0.900000
-1.812755,10.500000,0.900000,0.900000
-1.862750,10.500000,0.900000,0.900000
-1.912746,10.500000,0.900000,0.900000
-1.962741,10.500000,0.900000,0.900000
-2.012736,10.500000,0.900000,0.900000
-2.062732,10.500000,0.900000,0.900000
-2.112727,10.500000,0.900000,0.900000
-2.162723,10.500000,0.900000,0.900000
-2.212718,10.500000,0.900000,0.900000
-2.262713,10.500000,0.900000,0.900000
-2.312709,10.500000,0.900000,0.900000
-2.362704,10.500000,0.900000,0.900000
-2.412700,10.500000,0.900000,0.900000
-2.462695,10.500000,0.900000,0.900000
-2.512690,10.500000,0.900000,0.900000
-2.562686,10.500000,0.900000,0.900000
-2.612681,10.500000,0.900000,0.900000
-2.662676,10.500000,0.900000,0.900000
-2.712672,10.500000,0.900000,0.900000
-2.762667,10.500000,0.900000,0.900000
-2.812663,10.500000,0.900000,0.900000
-2.862658,10.500000,0.900000,0.900000
-2.912653,10.500000,0.900000,0.900000
-2.962649,10.500000,0.900000,0.900000
-3.012644,10.500000,0.900000,0.900000
-3.062640,10.500000,0.900000,0.900000
-3.112635,10.500000,0.900000,0.900000
-3.162630,10.500000,0.900000,0.900000
-3.212626,10.500000,0.900000,0.900000
-3.262621,10.500000,0.900000,0.900000
-3.312617,10.500000,0.900000,0.900000
-3.362612,10.500000,0.900000,0.900000
-3.412607,10.500000,0.900000,0.900000
-3.462603,10.500000,0.900000,0.900000
-3.512598,10.500000,0.900000,0.900000
-3.562594,10.500000,0.900000,0.900000
-3.612589,10.500000,0.900000,0.900000
-3.662584,10.500000,0.900000,0.900000
-3.712580,10.500000,0.900000,0.900000
-3.762575,10.500000,0.900000,0.900000
-3.812571,10.500000,0.900000,0.900000
-3.862566,10.500000,0.900000,0.900000
-3.912561,10.500000,0.900000,0.900000
-3.962557,10.500000,0.900000,0.900000
-4.012552,10.500000,0.900000,0.900000
-4.062548,10.500000,0.900000,0.900000
-4.112543,10.500000,0.900000,0.900000
-4.162538,10.500000,0.900000,0.900000
-4.212534,10.500000,0.900000,0.900000
-4.262529,10.500000,0.900000,0.900000
-4.312525,10.500000,0.900000,0.900000
-4.362520,10.500000,0.900000,0.900000
-4.412515,10.500000,0.900000,0.900000
-4.462511,10.500000,0.900000,0.900000
-4.512506,10.500000,0.900000,0.900000
-4.562501,10.500000,0.900000,0.900000
-4.612497,10.500000,0.900000,0.900000
-4.662492,10.500000,0.900000,0.900000
-4.712488,10.500000,0.900000,0.900000
-4.762483,10.500000,0.900000,0.900000
-4.812478,10.500000,0.900000,0.900000
-4.862474,10.500000,0.900000,0.900000
-4.912469,10.500000,0.900000,0.900000
-4.962465,10.500000,0.900000,0.900000
-5.012460,10.500000,0.900000,0.900000
-5.062455,10.500000,0.900000,0.900000
-5.112451,10.500000,0.900000,0.900000
-5.162446,10.500000,0.900000,0.900000
-5.212442,10.500000,0.900000,0.900000
-5.262437,10.500000,0.900000,0.900000
-5.312432,10.500000,0.900000,0.900000
-5.362428,10.500000,0.900000,0.900000
-5.412423,10.500000,0.900000,0.900000
-5.462419,10.500000,0.900000,0.900000
-5.512414,10.500000,0.900000,0.900000
-5.562409,10.500000,0.900000,0.900000
-5.612405,10.500000,0.900000,0.900000
-5.662400,10.500000,0.900000,0.900000
-5.712396,10.500000,0.900000,0.900000
-5.762391,10.500000,0.900000,0.900000
-5.812386,10.500000,0.900000,0.900000
-5.862382,10.500000,0.900000,0.900000
-5.912377,10.500000,0.900000,0.900000
-5.962373,10.500000,0.900000,0.900000
-6.012368,10.500000,0.900000,0.900000
-6.062363,10.500000,0.900000,0.900000
-6.112359,10.500000,0.900000,0.900000
-6.162354,10.500000,0.900000,0.900000
-6.212350,10.500000,0.900000,0.900000
-6.262345,10.500000,0.900000,0.900000
-6.312340,10.500000,0.900000,0.900000
-6.362336,10.500000,0.900000,0.900000
-6.412331,10.500000,0.900000,0.900000
-6.462326,10.500000,0.900000,0.900000
-6.512322,10.500000,0.900000,0.900000
-6.562317,10.500000,0.900000,0.900000
-6.612313,10.500000,0.900000,0.900000
-6.662308,10.500000,0.900000,0.900000
-6.712303,10.500000,0.900000,0.900000
-6.762299,10.500000,0.900000,0.900000
-6.812294,10.500000,0.900000,0.900000
-6.862290,10.500000,0.900000,0.900000
-6.912285,10.500000,0.900000,0.900000
-6.962280,10.500000,0.900000,0.900000
-7.012276,10.500000,0.900000,0.900000
-7.062271,10.500000,0.900000,0.900000
-7.112267,10.500000,0.900000,0.900000
-7.162262,10.500000,0.900000,0.900000
-7.212257,10.500000,0.900000,0.900000
-7.262253,10.500000,0.900000,0.900000
-7.312248,10.500000,0.900000,0.900000
-7.362244,10.500000,0.900000,0.900000
-7.412239,10.500000,0.900000,0.900000
-7.462234,10.500000,0.900000,0.900000
-7.512230,10.500000,0.900000,0.900000
-7.562225,10.500000,0.900000,0.900000
-7.612221,10.500000,0.900000,0.900000
-7.662216,10.500000,0.900000,0.900000
-7.712211,10.500000,0.900977,0.900977
-7.762207,10.500000,0.904977,0.904977
-7.812202,10.500000,0.908976,0.908976
-7.862198,10.500000,0.912976,0.912976
-7.912193,10.500000,0.916975,0.916975
-7.962188,10.500000,0.920975,0.920975
-8.012184,10.500000,0.924975,0.924975
-8.062179,10.500000,0.928974,0.928974
-8.112174,10.500000,0.932974,0.932974
-8.162170,10.500000,0.936974,0.936974
-8.212165,10.500000,0.940973,0.940973
-8.262161,10.500000,0.944973,0.944973
-8.312156,10.500000,0.948972,0.948972
-8.362151,10.500000,0.952972,0.952972
-8.412147,10.500000,0.956972,0.956972
-8.462142,10.500000,0.960971,0.960971
-8.512138,10.500000,0.964971,0.964971
-8.562133,10.500000,0.968971,0.968971
-8.612128,10.500000,0.972970,0.972970
-8.662124,10.500000,0.976970,0.976970
-8.712119,10.500000,0.980970,0.980970
-8.762115,10.500000,0.984969,0.984969
-8.812110,10.500000,0.988969,0.988969
-8.862105,10.500000,0.992968,0.992968
-8.912101,10.500000,0.996968,0.996968
-8.962096,10.500000,1.000968,1.000968
-9.012092,10.500000,1.004967,1.004967
-9.062087,10.500000,1.008967,1.008967
-9.112082,10.500000,1.012967,1.012967
-9.162078,10.500000,1.016966,1.016966
-9.212073,10.500000,1.020966,1.020966
-9.262069,10.500000,1.024965,1.024965
-9.312064,10.500000,1.028965,1.028965
-9.362059,10.500000,1.032965,1.032965
-9.412055,10.500000,1.036964,1.036964
-9.462050,10.500000,1.040964,1.040964
-9.512046,10.500000,1.044964,1.044964
-9.562041,10.500000,1.048963,1.048963
-9.612036,10.500000,1.052963,1.052963
-9.662032,10.500000,1.056963,1.056963
-9.712027,10.500000,1.060962,1.060962
-9.762023,10.500000,1.064962,1.064962
-9.812018,10.500000,1.068961,1.068961
-9.862013,10.500000,1.072961,1.072961
-9.912009,10.500000,1.076961,1.076961
-9.962004,10.500000,1.080960,1.080960
-10.011999,10.500000,1.084960,1.084960
-10.061995,10.500000,1.088960,1.088960
-10.111990,10.500000,1.092959,1.092959
-10.161986,10.500000,1.096959,1.096959
-10.211981,10.500000,1.099667,1.099667
-10.261976,10.500000,1.098278,1.098278
-10.311972,10.500000,1.096890,1.096890
-10.361967,10.500000,1.095501,1.095501
-10.411963,10.500000,1.094112,1.094112
-10.461958,10.500000,1.092723,1.092723
-10.511953,10.500000,1.091335,1.091335
-10.561949,10.500000,1.089946,1.089946
-10.611944,10.500000,1.088557,1.088557
-10.661940,10.500000,1.087168,1.087168
-10.711935,10.500000,1.085780,1.085780
-10.761930,10.500000,1.084391,1.084391
-10.811926,10.500000,1.083002,1.083002
-10.861921,10.500000,1.081613,1.081613
-10.911917,10.500000,1.080225,1.080225
-10.961912,10.500000,1.078836,1.078836
-11.011907,10.500000,1.077447,1.077447
-11.061903,10.500000,1.076058,1.076058
-11.111898,10.500000,1.074669,1.074669
-11.161894,10.500000,1.073281,1.073281
-11.211889,10.500000,1.071892,1.071892
-11.261884,10.500000,1.070503,1.070503
-11.311880,10.500000,1.069114,1.069114
-11.361875,10.500000,1.067726,1.067726
-11.411871,10.500000,1.066337,1.066337
-11.461866,10.500000,1.064948,1.064948
-11.511861,10.500000,1.063559,1.063559
-11.561857,10.500000,1.062171,1.062171
-11.611852,10.500000,1.060782,1.060782
-11.661847,10.500000,1.059393,1.059393
-11.711843,10.500000,1.058004,1.058004
-11.761838,10.500000,1.056616,1.056616
-11.811834,10.500000,1.055227,1.055227
-11.861829,10.500000,1.053838,1.053838
-11.911824,10.500000,1.052449,1.052449
-11.961820,10.500000,1.051061,1.051061
-12.011815,10.499956,1.049882,1.049882
-12.061795,10.498806,1.049385,1.049385
-12.111715,10.496095,1.048888,1.048888
-12.161526,10.491826,1.048391,1.048391
-12.211179,10.486002,1.047893,1.047893
-12.260626,10.478630,1.047396,1.047396
-12.309818,10.469717,1.046899,1.046899
-12.358708,10.459272,1.046401,1.046401
-12.407248,10.447304,1.045904,1.045904
-12.455390,10.433825,1.045407,1.045407
-12.503087,10.418849,1.044909,1.044909
-12.550294,10.402390,1.044412,1.044412
-12.596963,10.384465,1.043915,1.043915
-12.643049,10.365090,1.043417,1.043417
-12.688508,10.344284,1.042920,1.042920
-12.733294,10.322069,1.042423,1.042423
-12.777364,10.298465,1.041925,1.041925
-12.820676,10.273496,1.041428,1.041428
-12.863186,10.247186,1.040931,1.040931
-12.904853,10.219561,1.040434,1.040434
-12.945637,10.190647,1.039936,1.039936
-12.985498,10.160473,1.039439,1.039439
-13.024397,10.129069,1.038942,1.038942
-13.062296,10.096465,1.038444,1.038444
-13.099157,10.062693,1.037947,1.037947
-13.134945,10.027785,1.037450,1.037450
-13.169626,9.991777,1.036952,1.036952
-13.203164,9.954702,1.036455,1.036455
-13.235528,9.916598,1.035958,1.035958
-13.266685,9.877501,1.035460,1.035460
-13.296606,9.837450,1.034963,1.034963
-13.325261,9.796484,1.034466,1.034466
-13.352622,9.754643,1.033968,1.033968
-13.378662,9.711967,1.033471,1.033471
-13.403357,9.668498,1.032974,1.032974
-13.426681,9.624279,1.032477,1.032477
-13.448613,9.579353,1.031979,1.031979
-13.469130,9.533764,1.031482,1.031482
-13.488213,9.487556,1.030985,1.030985
-13.505843,9.440774,1.030487,1.030487
-13.522003,9.393465,1.029990,1.029990
-13.536677,9.345674,1.029493,1.029493
-13.549850,9.297447,1.028995,1.028995
-13.561511,9.248833,1.028498,1.028498
-13.571647,9.199877,1.028001,1.028001
-13.580248,9.150630,1.027503,1.027503
-13.587307,9.101137,1.027006,1.027006
-13.592816,9.051448,1.026509,1.026509
-13.596770,9.001612,1.026011,1.026011
-13.599165,8.951676,1.025514,1.025514
-13.599999,8.901689,1.025017,1.025017
-13.599271,8.851701,1.024519,1.024519
-13.596981,8.801760,1.024022,1.024022
-13.593132,8.751915,1.023525,1.023525
-13.587728,8.702215,1.023028,1.023028
-13.580774,8.652707,1.022530,1.022530
-13.572276,8.603442,1.022033,1.022033
-13.562244,8.554465,1.021536,1.021536
-13.550686,8.505826,1.021038,1.021038
-13.537614,8.457572,1.020541,1.020541
-13.523041,8.409750,1.020044,1.020044
-13.506981,8.362406,1.019546,1.019546
-13.489450,8.315587,1.019049,1.019049
-13.470465,8.269339,1.018552,1.018552
-13.450044,8.223707,1.018054,1.018054
-13.428207,8.178735,1.017557,1.017557
-13.404976,8.134467,1.017060,1.017060
-13.380374,8.090946,1.016562,1.016562
-13.354423,8.048215,1.016065,1.016065
-13.327151,8.006316,1.015568,1.015568
-13.298582,7.965289,1.015071,1.015071
-13.268746,7.925175,1.014573,1.014573
-13.237671,7.886013,1.014076,1.014076
-13.205388,7.847841,1.013579,1.013579
-13.171928,7.810695,1.013081,1.013081
-13.137324,7.774614,1.012584,1.012584
-13.101609,7.739631,1.012087,1.012087
-13.064819,7.705781,1.011589,1.011589
-13.026990,7.673097,1.011092,1.011092
-12.988157,7.641610,1.010595,1.010595
-12.948360,7.611352,1.010097,1.010097
-12.907638,7.582353,1.009600,1.009600
-12.866028,7.554640,1.009103,1.009103
-12.823574,7.528240,1.008605,1.008605
-12.780315,7.503179,1.008108,1.008108
-12.736295,7.479483,1.007611,1.007611
-12.691556,7.457173,1.007114,1.007114
-12.646141,7.436271,1.006616,1.006616
-12.600096,7.416799,1.006119,1.006119
-12.553465,7.398775,1.005622,1.005622
-12.506293,7.382216,1.005124,1.005124
-12.458627,7.367140,1.004627,1.004627
-12.410514,7.353559,1.004130,1.004130
-12.362000,7.341489,1.003632,1.003632
-12.313132,7.330940,1.003135,1.003135
-12.263958,7.321923,1.002638,1.002638
-12.214527,7.314447,1.002140,1.002140
-12.164886,7.308519,1.001643,1.001643
-12.115085,7.304144,1.001146,1.001146
-12.065171,7.301328,1.000648,1.000648
-12.015193,7.300072,1.000151,1.000151
-11.965198,7.300000,0.998711,0.998711
-11.915203,7.300000,0.996859,0.996859
-11.865207,7.300000,0.995008,0.995008
-11.815212,7.300000,0.993156,0.993156
-11.765217,7.300000,0.991304,0.991304
-11.715221,7.300000,0.989453,0.989453
-11.665226,7.300000,0.987601,0.987601
-11.615230,7.300000,0.985749,0.985749
-11.565235,7.300000,0.983898,0.983898
-11.515240,7.300000,0.982046,0.982046
-11.465244,7.300000,0.980194,0.980194
-11.415249,7.300000,0.978343,0.978343
-11.365253,7.300000,0.976491,0.976491
-11.315258,7.300000,0.974639,0.974639
-11.265263,7.300000,0.972788,0.972788
-11.215267,7.300000,0.970936,0.970936
-11.165272,7.300000,0.969084,0.969084
-11.115276,7.300000,0.967232,0.967232
-11.065281,7.300000,0.965381,0.965381
-11.015286,7.300000,0.963529,0.963529
-10.965290,7.300000,0.961677,0.961677
-10.915295,7.300000,0.959826,0.959826
-10.865299,7.300000,0.957974,0.957974
-10.815304,7.300000,0.956122,0.956122
-10.765309,7.300000,0.954271,0.954271
-10.715313,7.300000,0.952419,0.952419
-10.665318,7.300000,0.950567,0.950567
-10.615322,7.300000,0.948716,0.948716
-10.565327,7.300000,0.946864,0.946864
-10.515332,7.300000,0.945012,0.945012
-10.465336,7.300000,0.943161,0.943161
-10.415341,7.300000,0.941309,0.941309
-10.365346,7.300000,0.939457,0.939457
-10.315350,7.300000,0.937606,0.937606
-10.265355,7.300000,0.935754,0.935754
-10.215359,7.300000,0.933902,0.933902
-10.165364,7.300000,0.932051,0.932051
-10.115369,7.300000,0.930199,0.930199
-10.065373,7.300000,0.928347,0.928347
-10.015378,7.300000,0.926495,0.926495
-9.965382,7.300000,0.924644,0.924644
-9.915387,7.300000,0.922792,0.922792
-9.865392,7.300000,0.920940,0.920940
-9.815396,7.300000,0.919089,0.919089
-9.765401,7.300000,0.917237,0.917237
-9.715405,7.300000,0.915385,0.915385
-9.665410,7.300000,0.913534,0.913534
-9.615415,7.300000,0.911682,0.911682
-9.565419,7.300000,0.909830,0.909830
-9.515424,7.300000,0.907979,0.907979
-9.465428,7.300000,0.906127,0.906127
-9.415433,7.300000,0.904275,0.904275
-9.365438,7.300000,0.902424,0.902424
-9.315442,7.300000,0.900572,0.900572
-9.265447,7.300000,0.900000,0.900000
-9.215451,7.300000,0.900000,0.900000
-9.165456,7.300000,0.900000,0.900000
-9.115461,7.300000,0.900000,0.900000
-9.065465,7.300000,0.900000,0.900000
-9.015470,7.300000,0.900000,0.900000
-8.965474,7.300000,0.900000,0.900000
-8.915479,7.300000,0.900000,0.900000
-8.865484,7.300000,0.900000,0.900000
-8.815488,7.300000,0.900000,0.900000
-8.765493,7.300000,0.900000,0.900000
-8.715498,7.300000,0.900000,0.900000
-8.665502,7.300000,0.900000,0.900000
-8.615507,7.300000,0.900000,0.900000
-8.565511,7.300000,0.900000,0.900000
-8.515516,7.300000,0.900000,0.900000
-8.465521,7.300000,0.900000,0.900000
-8.415525,7.300000,0.900000,0.900000
-8.365530,7.300000,0.900000,0.900000
-8.315534,7.300000,0.900000,0.900000
-8.265539,7.300000,0.900000,0.900000
-8.215544,7.300000,0.900000,0.900000
-8.165548,7.300000,0.900000,0.900000
-8.115553,7.300000,0.900000,0.900000
-8.065557,7.300000,0.900000,0.900000
-8.015562,7.300000,0.900000,0.900000
-7.965567,7.300000,0.900000,0.900000
-7.915571,7.300000,0.900000,0.900000
-7.865576,7.300000,0.900000,0.900000
-7.815580,7.300000,0.900000,0.900000
-7.765585,7.300000,0.900000,0.900000
-7.715590,7.300000,0.900000,0.900000
-7.665594,7.300000,0.900000,0.900000
-7.615599,7.300000,0.900000,0.900000
-7.565603,7.300000,0.900000,0.900000
-7.515608,7.300000,0.900000,0.900000
-7.465613,7.300000,0.900000,0.900000
-7.415617,7.300000,0.900000,0.900000
-7.365622,7.300000,0.900000,0.900000
-7.315626,7.300000,0.900000,0.900000
-7.265631,7.300000,0.900000,0.900000
-7.215636,7.300000,0.900000,0.900000
-7.165640,7.300000,0.900000,0.900000
-7.115645,7.300000,0.900000,0.900000
-7.065649,7.300000,0.900000,0.900000
-7.015654,7.300000,0.900000,0.900000
-6.965659,7.300000,0.900000,0.900000
-6.915663,7.300000,0.900000,0.900000
-6.865668,7.300000,0.900000,0.900000
-6.815673,7.300000,0.900000,0.900000
-6.765677,7.300000,0.900000,0.900000
-6.715682,7.300000,0.900000,0.900000
-6.665686,7.300000,0.900000,0.900000
-6.615691,7.300000,0.900000,0.900000
-6.565696,7.300000,0.900000,0.900000
-6.515700,7.300000,0.900000,0.900000
-6.465705,7.300000,0.900000,0.900000
-6.415709,7.300000,0.900000,0.900000
-6.365714,7.300000,0.900000,0.900000
-6.315719,7.300000,0.900000,0.900000
-6.265723,7.300000,0.900000,0.900000
-6.215728,7.300000,0.900000,0.900000
-6.165732,7.300000,0.900000,0.900000
-6.115737,7.300000,0.900000,0.900000
-6.065742,7.300000,0.900000,0.900000
-6.015746,7.300000,0.900000,0.900000
-5.965751,7.300000,0.900000,0.900000
-5.915755,7.300000,0.900000,0.900000
-5.865760,7.300000,0.900000,0.900000
-5.815765,7.300000,0.900000,0.900000
-5.765769,7.300000,0.900000,0.900000
-5.715774,7.300000,0.900000,0.900000
-5.665778,7.300000,0.900000,0.900000
-5.615783,7.300000,0.900000,0.900000
-5.565788,7.300000,0.900000,0.900000
-5.515792,7.300000,0.900000,0.900000
-5.465797,7.300000,0.900000,0.900000
-5.415801,7.300000,0.900000,0.900000
-5.365806,7.300000,0.900000,0.900000
-5.315811,7.300000,0.900000,0.900000
-5.265815,7.300000,0.900000,0.900000
-5.215820,7.300000,0.900000,0.900000
-5.165824,7.300000,0.900000,0.900000
-5.115829,7.300000,0.900000,0.900000
-5.065834,7.300000,0.900000,0.900000
-5.015838,7.300000,0.900000,0.900000
-4.965843,7.300000,0.900000,0.900000
-4.915848,7.300000,0.900000,0.900000
-4.865852,7.300000,0.900000,0.900000
-4.815857,7.300000,0.900000,0.900000
-4.765861,7.300000,0.900000,0.900000
-4.715866,7.300000,0.900000,0.900000
-4.665871,7.300000,0.900000,0.900000
-4.615875,7.300000,0.900000,0.900000
-4.565880,7.300000,0.900000,0.900000
-4.515884,7.300000,0.900000,0.900000
-4.465889,7.300000,0.900000,0.900000
-4.415894,7.300000,0.900000,0.900000
-4.365898,7.300000,0.900000,0.900000
-4.315903,7.300000,0.900000,0.900000
-4.265907,7.300000,0.900000,0.900000
-4.215912,7.300000,0.900000,0.900000
-4.165917,7.300000,0.900000,0.900000
-4.115921,7.300000,0.900000,0.900000
-4.065926,7.300000,0.900000,0.900000
-4.015930,7.300000,0.900000,0.900000
-3.965937,7.299710,0.900000,0.900000
-3.915964,7.298234,0.900000,0.900000
-3.866045,7.295509,0.900000,0.900000
-3.816209,7.291537,0.900000,0.900000
-3.766487,7.286321,0.900000,0.900000
-3.716912,7.279864,0.900000,0.900000
-3.667514,7.272170,0.900000,0.900000
-3.618323,7.263243,0.900000,0.900000
-3.569371,7.253089,0.900000,0.900000
-3.520688,7.241716,0.900000,0.900000
-3.472304,7.229129,0.900000,0.900000
-3.424250,7.215336,0.900000,0.900000
-3.376556,7.200347,0.900000,0.900000
-3.329251,7.184170,0.900000,0.900000
-3.282366,7.166816,0.900000,0.900000
-3.235929,7.148295,0.900000,0.900000
-3.189969,7.128620,0.900000,0.900000
-3.144516,7.107802,0.900000,0.900000
-3.099597,7.085854,0.900000,0.900000
-3.055241,7.062790,0.900000,0.900000
-3.011475,7.038625,0.900000,0.900000
-2.968326,7.013374,0.900000,0.900000
-2.925823,6.987052,0.900000,0.900000
-2.883990,6.959675,0.900000,0.900000
-2.842855,6.931262,0.900000,0.900000
-2.802443,6.901830,0.900000,0.900000
-2.762780,6.871396,0.900000,0.900000
-2.723889,6.839981,0.900000,0.900000
-2.685796,6.807603,0.900000,0.900000
-2.648524,6.774283,0.900000,0.900000
-2.612096,6.740042,0.900000,0.900000
-2.576536,6.704902,0.900000,0.900000
-2.541865,6.668883,0.900000,0.900000
-2.508105,6.632009,0.900000,0.900000
-2.475277,6.594303,0.900000,0.900000
-2.443402,6.555788,0.900000,0.900000
-2.412500,6.516489,0.900000,0.900000
-2.382590,6.476429,0.900000,0.900000
-2.353690,6.435634,0.900000,0.900000
-2.325819,6.394129,0.900000,0.900000
-2.298995,6.351941,0.900000,0.900000
-2.273233,6.309096,0.900000,0.900000
-2.248550,6.265620,0.900000,0.900000
-2.224961,6.221540,0.900000,0.900000
-2.202482,6.176885,0.900000,0.900000
-2.181125,6.131682,0.900000,0.900000
-2.160906,6.085959,0.900000,0.900000
-2.141835,6.039746,0.900000,0.900000
-2.123926,5.993069,0.900000,0.900000
-2.107188,5.945960,0.900000,0.900000
-2.091634,5.898447,0.900000,0.900000
-2.077272,5.850561,0.900000,0.900000
-2.064111,5.802330,0.900000,0.900000
-2.052160,5.753785,0.900000,0.900000
-2.041427,5.704957,0.900000,0.900000
-2.031917,5.655876,0.900000,0.900000
-2.023636,5.606572,0.900000,0.900000
-2.016591,5.557077,0.900000,0.900000
-2.010785,5.507421,0.900000,0.900000
-2.006222,5.457636,0.900000,0.900000
-2.002905,5.407752,0.900000,0.900000
-2.000835,5.357801,0.900000,0.900000
-2.000015,5.307813,0.900000,0.900000
-2.000000,5.257818,0.900000,0.900000
-2.000000,5.207822,0.900000,0.900000
-2.000000,5.157827,0.900000,0.900000
-2.000000,5.107832,0.900000,0.900000
-2.000000,5.057836,0.900000,0.900000
-2.000000,5.007841,0.900000,0.900000
-2.000000,4.957845,0.900000,0.900000
-2.000000,4.907850,0.900000,0.900000
-2.000000,4.857855,0.900000,0.900000
-2.000000,4.807859,0.900000,0.900000
-2.000000,4.757864,0.900000,0.900000
-2.000000,4.707868,0.900000,0.900000
-2.000000,4.657873,0.901560,0.901560
-2.000000,4.607878,0.903412,0.903412
-2.000000,4.557882,0.905264,0.905264
-2.000000,4.507887,0.907115,0.907115
-2.000000,4.457892,0.908967,0.908967
-2.000000,4.407896,0.910819,0.910819
-2.000000,4.357901,0.912670,0.912670
-2.000000,4.307905,0.914522,0.914522
-2.000000,4.257910,0.916374,0.916374
-2.000000,4.207915,0.918225,0.918225
-2.000000,4.157919,0.920077,0.920077
-2.000000,4.107924,0.921929,0.921929
-2.000000,4.057928,0.923780,0.923780
-2.000000,4.007933,0.925632,0.925632
-2.000000,3.957938,0.927484,0.927484
-2.000000,3.907942,0.929335,0.929335
-2.000000,3.857947,0.931187,0.931187
-2.000000,3.807951,0.933039,0.933039
-2.000000,3.757956,0.934891,0.934891
-2.000000,3.707961,0.936742,0.936742
-2.000000,3.657965,0.938594,0.938594
-2.000000,3.607970,0.940446,0.940446
-2.000000,3.557974,0.942297,0.942297
-2.000000,3.507979,0.944149,0.944149
-2.000000,3.457984,0.946001,0.946001
-2.000000,3.407988,0.947852,0.947852
-2.000000,3.357993,0.949704,0.949704
-2.000000,3.307997,0.951556,0.951556
-2.000000,3.258002,0.953407,0.953407
-2.000000,3.208007,0.955259,0.955259
-2.000000,3.158011,0.957111,0.957111
-2.000000,3.108016,0.958962,0.958962
-2.000000,3.058020,0.960814,0.960814
-2.000000,3.008025,0.962666,0.962666
-2.000000,2.958030,0.964517,0.964517
-2.000000,2.908034,0.966369,0.966369
-2.000000,2.858039,0.968221,0.968221
-2.000000,2.808044,0.970072,0.970072
-2.000000,2.758048,0.971924,0.971924
-2.000000,2.708053,0.973776,0.973776
-2.000000,2.658057,0.975628,0.975628
-2.000000,2.608062,0.977479,0.977479
-2.000000,2.558067,0.979331,0.979331
-2.000000,2.508071,0.981183,0.981183
-2.000000,2.458076,0.983034,0.983034
-2.000000,2.408080,0.984886,0.984886
-2.000000,2.358085,0.986738,0.986738
-2.000000,2.308090,0.988589,0.988589
-2.000000,2.258094,0.990441,0.990441
-2.000000,2.208099,0.992293,0.992293
-2.000000,2.158103,0.994144,0.994144
-2.000000,2.108108,0.995996,0.995996
-2.000000,2.058113,0.997848,0.997848
-2.000000,2.008117,0.999699,0.999699
-1.999562,1.958125,1.000000,1.000000
-1.997890,1.908159,1.000000,1.000000
-1.994970,1.858250,1.000000,1.000000
-1.990804,1.808430,1.000000,1.000000
-1.985394,1.758729,1.000000,1.000000
-1.978743,1.709180,1.000000,1.000000
-1.970856,1.659812,1.000000,1.000000
-1.961737,1.610656,1.000000,1.000000
-1.951392,1.561744,1.000000,1.000000
-1.939828,1.513106,1.000000,1.000000
-1.927052,1.464772,1.000000,1.000000
-1.913072,1.416772,1.000000,1.000000
-1.897897,1.369137,1.000000,1.000000
-1.881535,1.321896,1.000000,1.000000
-1.863998,1.275078,1.000000,1.000000
-1.845296,1.228714,1.000000,1.000000
-1.825441,1.182832,1.000000,1.000000
-1.804446,1.137460,1.000000,1.000000
-1.782323,1.092627,1.000000,1.000000
-1.759086,1.048361,1.000000,1.000000
-1.734750,1.004690,1.000000,1.000000
-1.709330,0.961641,1.000000,1.000000
-1.682842,0.919240,1.000000,1.000000
-1.655303,0.877515,1.000000,1.000000
-1.626729,0.836491,1.000000,1.000000
-1.597139,0.796195,1.000000,1.000000
-1.566551,0.756650,1.000000,1.000000
-1.534984,0.717883,1.000000,1.000000
-1.502457,0.679916,1.000000,1.000000
-1.468992,0.642774,1.000000,1.000000
-1.434609,0.606481,1.000000,1.000000
-1.399330,0.571058,1.000000,1.000000
-1.363176,0.536528,1.000000,1.000000
-1.326171,0.502913,1.000000,1.000000
-1.288337,0.470233,1.000000,1.000000
-1.249698,0.438508,1.000000,1.000000
-1.210277,0.407760,1.000000,1.000000
-1.170101,0.378006,1.000000,1.000000
-1.129194,0.349266,1.000000,1.000000
-1.087581,0.321558,1.000000,1.000000
-1.045288,0.294898,1.000000,1.000000
-1.002342,0.269304,1.000000,1.000000
-0.958770,0.244791,1.000000,1.000000
-0.914599,0.221375,1.000000,1.000000
-0.869856,0.199070,1.000000,1.000000
-0.824570,0.177890,1.000000,1.000000
-0.778769,0.157849,1.000000,1.000000
-0.732481,0.138959,1.000000,1.000000
-0.685735,0.121232,1.000000,1.000000
-0.638561,0.104679,1.000000,1.000000
-0.590988,0.089311,1.000000,1.000000
-0.543045,0.075136,1.000000,1.000000
-0.494763,0.062164,1.000000,1.000000
-0.446172,0.050403,1.000000,1.000000
-0.397303,0.039860,1.000000,1.000000
-0.348185,0.030541,1.000000,1.000000
-0.298849,0.022454,1.000000,1.000000
-0.249327,0.015602,1.000000,1.000000
-0.199649,0.009990,1.000000,1.000000
-0.149846,0.005621,1.000000,1.000000
-0.099949,0.002499,1.000000,1.000000
-0.049990,0.000625,1.000000,1.000000
